name,x_fit,y_fit_dem,y_fit_rep
POP_HISLAT,5.0,28.613964557765687,71.38603544223432
POP_HISLAT,5.109817625200149,28.596084373949594,71.40391562605042
POP_HISLAT,5.219635250400298,28.578333407699603,71.4216665923004
POP_HISLAT,5.329452875600447,28.560711659016057,71.43928834098394
POP_HISLAT,5.439270500800596,28.543219127899317,71.4567808721007
POP_HISLAT,5.549088126000745,28.525855814349725,71.47414418565027
POP_HISLAT,5.658905751200894,28.50862171836764,71.49137828163235
POP_HISLAT,5.768723376401043,28.49151683995339,71.50848316004661
POP_HISLAT,5.878541001601192,28.474541179107334,71.52545882089268
POP_HISLAT,5.988358626801341,28.457694735829786,71.54230526417021
POP_HISLAT,6.09817625200149,28.44097751012111,71.55902248987888
POP_HISLAT,6.207993877201639,28.424389501981633,71.57561049801838
POP_HISLAT,6.3178115024017885,28.407930711411673,71.59206928858832
POP_HISLAT,6.4276291276019375,28.39160113841158,71.60839886158841
POP_HISLAT,6.5374467528020865,28.37540078298168,71.62459921701833
POP_HISLAT,6.647264378002236,28.359329645122276,71.64067035487773
POP_HISLAT,6.757082003202385,28.34338772483372,71.65661227516628
POP_HISLAT,6.866899628402534,28.327575022116314,71.67242497788368
POP_HISLAT,6.976717253602683,28.311891536970386,71.68810846302962
POP_HISLAT,7.086534878802832,28.296337269396236,71.70366273060375
POP_HISLAT,7.196352504002981,28.2809122193942,71.71908778060579
POP_HISLAT,7.30617012920313,28.26561638696457,71.73438361303542
POP_HISLAT,7.415987754403279,28.250449772107665,71.74955022789233
POP_HISLAT,7.525805379603428,28.23541237482379,71.7645876251762
POP_HISLAT,7.635623004803577,28.220504195113254,71.77949580488675
POP_HISLAT,7.745440630003726,28.20572523297635,71.79427476702365
POP_HISLAT,7.855258255203875,28.191075488413375,71.80892451158662
POP_HISLAT,7.965075880404024,28.17655496142463,71.82344503857536
POP_HISLAT,8.074893505604173,28.162163652010413,71.8378363479896
POP_HISLAT,8.184711130804322,28.14790156017101,71.85209843982898
POP_HISLAT,8.294528756004471,28.13376868590672,71.86623131409327
POP_HISLAT,8.40434638120462,28.11976502921782,71.88023497078217
POP_HISLAT,8.51416400640477,28.1058905901046,71.89410940989539
POP_HISLAT,8.623981631604918,28.09214536856734,71.90785463143267
POP_HISLAT,8.733799256805067,28.078529364606318,71.92147063539367
POP_HISLAT,8.843616882005216,28.065042578221828,71.93495742177818
POP_HISLAT,8.953434507205365,28.051685009414122,71.94831499058589
POP_HISLAT,9.063252132405516,28.038456658183485,71.96154334181651
POP_HISLAT,9.173069757605663,28.025357524530193,71.9746424754698
POP_HISLAT,9.282887382805814,28.01238760845451,71.9876123915455
POP_HISLAT,9.392705008005962,27.999546909956692,72.00045309004331
POP_HISLAT,9.502522633206112,27.98683542903701,72.013164570963
POP_HISLAT,9.61234025840626,27.974253165695735,72.02574683430427
POP_HISLAT,9.72215788360641,27.961800119933105,72.0381998800669
POP_HISLAT,9.831975508806558,27.94947629174939,72.05052370825061
POP_HISLAT,9.941793134006708,27.937281681144853,72.06271831885515
POP_HISLAT,10.051610759206856,27.925216288119724,72.07478371188027
POP_HISLAT,10.161428384407007,27.913280112674272,72.08671988732573
POP_HISLAT,10.271246009607154,27.90147315480873,72.09852684519127
POP_HISLAT,10.381063634807305,27.889795414523356,72.11020458547665
POP_HISLAT,10.490881260007452,27.87824689181837,72.12175310818162
POP_HISLAT,10.600698885207603,27.866827586694036,72.13317241330597
POP_HISLAT,10.71051651040775,27.85553749915057,72.14446250084943
POP_HISLAT,10.8203341356079,27.84437662918823,72.15562337081177
POP_HISLAT,10.930151760808048,27.833344976807233,72.16665502319276
POP_HISLAT,11.039969386008199,27.822442542007813,72.17755745799218
POP_HISLAT,11.149787011208346,27.811669324790202,72.1883306752098
POP_HISLAT,11.259604636408497,27.801025325154622,72.19897467484537
POP_HISLAT,11.369422261608644,27.790510543101288,72.2094894568987
POP_HISLAT,11.479239886808795,27.780124978630433,72.21987502136956
POP_HISLAT,11.589057512008942,27.769868631742273,72.23013136825772
POP_HISLAT,11.698875137209093,27.75974150243702,72.24025849756298
POP_HISLAT,11.80869276240924,27.749743590714893,72.25025640928511
POP_HISLAT,11.918510387609391,27.739874896576094,72.2601251034239
POP_HISLAT,12.028328012809538,27.73013542002084,72.26986457997916
POP_HISLAT,12.13814563800969,27.72052516104934,72.27947483895065
POP_HISLAT,12.247963263209837,27.7110441196618,72.28895588033821
POP_HISLAT,12.357780888409987,27.7016922958584,72.29830770414159
POP_HISLAT,12.467598513610135,27.692469689639367,72.30753031036063
POP_HISLAT,12.577416138810285,27.68337630100488,72.31662369899512
POP_HISLAT,12.687233764010433,27.674412129955144,72.32558787004486
POP_HISLAT,12.797051389210583,27.66557717649034,72.33442282350966
POP_HISLAT,12.90686901441073,27.656871440610676,72.34312855938933
POP_HISLAT,13.016686639610882,27.648294922316325,72.35170507768368
POP_HISLAT,13.12650426481103,27.639847621607473,72.36015237839253
POP_HISLAT,13.23632189001118,27.631529538484305,72.36847046151568
POP_HISLAT,13.346139515211329,27.623340672947005,72.37665932705299
POP_HISLAT,13.455957140411478,27.615281024995745,72.38471897500425
POP_HISLAT,13.565774765611627,27.607350594630713,72.39264940536928
POP_HISLAT,13.675592390811776,27.59954938185206,72.40045061814794
POP_HISLAT,13.785410016011925,27.591877386659984,72.40812261334003
POP_HISLAT,13.895227641212074,27.584334609054633,72.41566539094536
POP_HISLAT,14.005045266412223,27.57692104903618,72.42307895096381
POP_HISLAT,14.114862891612372,27.569636706604783,72.4303632933952
POP_HISLAT,14.224680516812521,27.562481581760622,72.43751841823939
POP_HISLAT,14.33449814201267,27.555455674503833,72.44454432549617
POP_HISLAT,14.444315767212819,27.54855898483458,72.45144101516541
POP_HISLAT,14.554133392412968,27.54179151275303,72.45820848724696
POP_HISLAT,14.663951017613117,27.535153258259328,72.46484674174067
POP_HISLAT,14.773768642813266,27.528644221353606,72.4713557786464
POP_HISLAT,14.883586268013415,27.522264402036033,72.47773559796397
POP_HISLAT,14.993403893213564,27.516013800306744,72.48398619969325
POP_HISLAT,15.103221518413713,27.509892416165886,72.4901075838341
POP_HISLAT,15.213039143613862,27.5039002496136,72.4960997503864
POP_HISLAT,15.322856768814011,27.49803730065001,72.50196269934997
POP_HISLAT,15.43267439401416,27.492303569275283,72.5076964307247
POP_HISLAT,15.54249201921431,27.48669905548951,72.51330094451049
POP_HISLAT,15.652309644414458,27.481223759292856,72.51877624070714
POP_HISLAT,15.762127269614608,27.47587768068542,72.52412231931457
POP_HISLAT,15.871944894814757,27.470660819667366,72.52933918033263
POP_HISLAT,15.981762520014906,27.465573176238777,72.53442682376122
POP_HISLAT,16.091580145215055,27.460614750399802,72.5393852496002
POP_HISLAT,16.201397770415205,27.45578554215054,72.54421445784945
POP_HISLAT,16.311215395615353,27.451085551491122,72.54891444850887
POP_HISLAT,16.4210330208155,27.44651477842166,72.55348522157834
POP_HISLAT,16.53085064601565,27.44207322294226,72.55792677705773
POP_HISLAT,16.6406682712158,27.43776088505303,72.56223911494698
POP_HISLAT,16.75048589641595,27.433577764754087,72.56642223524592
POP_HISLAT,16.860303521616096,27.429523862045524,72.57047613795447
POP_HISLAT,16.970121146816247,27.42559917692744,72.57440082307255
POP_HISLAT,17.079938772016398,27.421803709399956,72.57819629060005
POP_HISLAT,17.189756397216545,27.41813745946315,72.58186254053686
POP_HISLAT,17.299574022416692,27.41460042711712,72.58539957288288
POP_HISLAT,17.409391647616843,27.41119261236197,72.58880738763804
POP_HISLAT,17.519209272816994,27.407914015197772,72.59208598480224
POP_HISLAT,17.62902689801714,27.404764635624623,72.59523536437538
POP_HISLAT,17.73884452321729,27.40174447364261,72.59825552635739
POP_HISLAT,17.84866214841744,27.39885352925182,72.60114647074818
POP_HISLAT,17.95847977361759,27.39609180245232,72.60390819754768
POP_HISLAT,18.068297398817737,27.393459293244206,72.6065407067558
POP_HISLAT,18.178115024017885,27.390956001627536,72.60904399837247
POP_HISLAT,18.287932649218035,27.388581927602395,72.6114180723976
POP_HISLAT,18.397750274418186,27.38633707116885,72.61366292883116
POP_HISLAT,18.507567899618333,27.38422143232697,72.61577856767303
POP_HISLAT,18.61738552481848,27.382235011076823,72.61776498892317
POP_HISLAT,18.72720315001863,27.380377807418473,72.61962219258152
POP_HISLAT,18.837020775218782,27.378649821351985,72.62135017864802
POP_HISLAT,18.94683840041893,27.37705105287741,72.6229489471226
POP_HISLAT,19.056656025619077,27.375581501994805,72.6244184980052
POP_HISLAT,19.166473650819228,27.374241168704234,72.62575883129576
POP_HISLAT,19.27629127601938,27.373030053005742,72.62696994699425
POP_HISLAT,19.386108901219526,27.37194815489938,72.62805184510061
POP_HISLAT,19.495926526419673,27.3709954743852,72.6290045256148
POP_HISLAT,19.605744151619824,27.370172011463232,72.62982798853676
POP_HISLAT,19.715561776819975,27.36947776613354,72.63052223386646
POP_HISLAT,19.825379402020122,27.36891273839615,72.63108726160384
POP_HISLAT,19.93519702722027,27.368476928251106,72.63152307174889
POP_HISLAT,20.04501465242042,27.368170335698444,72.63182966430156
POP_HISLAT,20.15483227762057,27.367992960738192,72.63200703926181
POP_HISLAT,20.264649902820718,27.36794480337038,72.63205519662964
POP_HISLAT,20.374467528020865,27.36802586359504,72.63197413640495
POP_HISLAT,20.484285153221016,27.368236141412194,72.63176385858779
POP_HISLAT,20.594102778421167,27.368575636821884,72.63142436317813
POP_HISLAT,20.703920403621314,27.369044349824108,72.6309556501759
POP_HISLAT,20.81373802882146,27.369642280418887,72.63035771958111
POP_HISLAT,20.923555654021612,27.37036942860625,72.62963057139376
POP_HISLAT,21.033373279221763,27.3712257943862,72.6287742056138
POP_HISLAT,21.14319090442191,27.37221137775876,72.62778862224124
POP_HISLAT,21.25300852962206,27.373326178723932,72.62667382127607
POP_HISLAT,21.36282615482221,27.374570197281727,72.62542980271827
POP_HISLAT,21.47264378002236,27.375943433432138,72.62405656656784
POP_HISLAT,21.582461405222507,27.37744588717519,72.62255411282482
POP_HISLAT,21.692279030422657,27.37907755851086,72.62092244148914
POP_HISLAT,21.802096655622805,27.38083844743915,72.61916155256084
POP_HISLAT,21.911914280822955,27.382728553960067,72.61727144603992
POP_HISLAT,22.021731906023103,27.384747878073597,72.6152521219264
POP_HISLAT,22.131549531223254,27.38689641977973,72.61310358022027
POP_HISLAT,22.2413671564234,27.389174179078445,72.61082582092155
POP_HISLAT,22.35118478162355,27.391581155969753,72.60841884403024
POP_HISLAT,22.4610024068237,27.394117350453605,72.60588264954639
POP_HISLAT,22.57082003202385,27.39678276253001,72.60321723746999
POP_HISLAT,22.680637657223997,27.39957739219892,72.60042260780108
POP_HISLAT,22.790455282424148,27.402501239460335,72.59749876053966
POP_HISLAT,22.900272907624295,27.405554304314222,72.59444569568578
POP_HISLAT,23.010090532824446,27.40873658676054,72.59126341323945
POP_HISLAT,23.119908158024593,27.412048086799274,72.58795191320073
POP_HISLAT,23.229725783224744,27.41548880443038,72.58451119556962
POP_HISLAT,23.33954340842489,27.419058739653835,72.58094126034617
POP_HISLAT,23.449361033625042,27.422757892469583,72.57724210753041
POP_HISLAT,23.55917865882519,27.426586262877596,72.5734137371224
POP_HISLAT,23.66899628402534,27.430543850877832,72.56945614912217
POP_HISLAT,23.778813909225487,27.434630656470233,72.56536934352977
POP_HISLAT,23.888631534425638,27.438846679654766,72.56115332034524
POP_HISLAT,23.998449159625785,27.44319192043137,72.55680807956863
POP_HISLAT,24.108266784825936,27.447666378800008,72.55233362119999
POP_HISLAT,24.218084410026083,27.452270054760607,72.5477299452394
POP_HISLAT,24.327902035226234,27.457002948313118,72.54299705168688
POP_HISLAT,24.43771966042638,27.46186505945748,72.53813494054252
POP_HISLAT,24.547537285626532,27.466856388193634,72.53314361180637
POP_HISLAT,24.65735491082668,27.471976934521518,72.5280230654785
POP_HISLAT,24.76717253602683,27.477226698441065,72.52277330155894
POP_HISLAT,24.876990161226978,27.482605679952187,72.51739432004781
POP_HISLAT,24.98680778642713,27.488113879054836,72.51188612094516
POP_HISLAT,25.096625411627276,27.493751295748936,72.50624870425106
POP_HISLAT,25.206443036827427,27.499517930034408,72.5004820699656
POP_HISLAT,25.316260662027574,27.50541378191116,72.49458621808884
POP_HISLAT,25.426078287227725,27.51143885137913,72.48856114862087
POP_HISLAT,25.535895912427872,27.51759313843822,72.48240686156178
POP_HISLAT,25.645713537628023,27.52387664308835,72.47612335691164
POP_HISLAT,25.75553116282817,27.53028936532944,72.46971063467058
POP_HISLAT,25.86534878802832,27.536831305161392,72.46316869483861
POP_HISLAT,25.975166413228468,27.543502462584108,72.4564975374159
POP_HISLAT,26.08498403842862,27.550302837597496,72.44969716240249
POP_HISLAT,26.194801663628766,27.557232430201474,72.44276756979853
POP_HISLAT,26.304619288828917,27.56429124039592,72.43570875960408
POP_HISLAT,26.414436914029064,27.57147926818075,72.42852073181926
POP_HISLAT,26.524254539229215,27.578796513555844,72.42120348644417
POP_HISLAT,26.634072164429362,27.586242976521095,72.41375702347891
POP_HISLAT,26.743889789629513,27.593818657076408,72.40618134292359
POP_HISLAT,26.85370741482966,27.601523555221668,72.39847644477834
POP_HISLAT,26.96352504002981,27.609357670956747,72.39064232904326
POP_HISLAT,27.07334266522996,27.617321004281543,72.38267899571846
POP_HISLAT,27.18316029043011,27.625413555195934,72.37458644480407
POP_HISLAT,27.292977915630257,27.633635323699785,72.36636467630021
POP_HISLAT,27.402795540830407,27.641986309792998,72.35801369020702
POP_HISLAT,27.512613166030555,27.650466513475426,72.34953348652458
POP_HISLAT,27.622430791230705,27.659075934746944,72.34092406525305
POP_HISLAT,27.732248416430853,27.66781457360743,72.33218542639257
POP_HISLAT,27.842066041631004,27.676682430056747,72.32331756994326
POP_HISLAT,27.95188366683115,27.68567950409475,72.31432049590524
POP_HISLAT,28.0617012920313,27.694805795721322,72.30519420427866
POP_HISLAT,28.17151891723145,27.704061304936307,72.2959386950637
POP_HISLAT,28.2813365424316,27.713446031739558,72.28655396826043
POP_HISLAT,28.391154167631747,27.72295997613094,72.27704002386906
POP_HISLAT,28.500971792831898,27.732603138110306,72.2673968618897
POP_HISLAT,28.610789418032045,27.742375517677498,72.2576244823225
POP_HISLAT,28.720607043232196,27.752277114832374,72.24772288516763
POP_HISLAT,28.830424668432343,27.76230792957477,72.23769207042523
POP_HISLAT,28.940242293632494,27.772467961904535,72.22753203809546
POP_HISLAT,29.05005991883264,27.78275721182151,72.21724278817848
POP_HISLAT,29.159877544032792,27.793175679325532,72.20682432067447
POP_HISLAT,29.26969516923294,27.803723364416438,72.19627663558357
POP_HISLAT,29.37951279443309,27.814400267094058,72.18559973290594
POP_HISLAT,29.489330419633237,27.825206387358225,72.17479361264178
POP_HISLAT,29.599148044833388,27.83614172520877,72.16385827479122
POP_HISLAT,29.708965670033535,27.84720628064552,72.15279371935448
POP_HISLAT,29.818783295233686,27.858400053668287,72.14159994633171
POP_HISLAT,29.928600920433833,27.869723044276913,72.13027695572308
POP_HISLAT,30.038418545633984,27.881175252471202,72.1188247475288
POP_HISLAT,30.14823617083413,27.89275667825098,72.10724332174902
POP_HISLAT,30.258053796034282,27.904467321616057,72.09553267838395
POP_HISLAT,30.36787142123443,27.916307182566246,72.08369281743376
POP_HISLAT,30.47768904643458,27.928276261101352,72.07172373889865
POP_HISLAT,30.587506671634728,27.940374557221187,72.05962544277881
POP_HISLAT,30.69732429683488,27.952602070925558,72.04739792907444
POP_HISLAT,30.807141922035026,27.96495880221427,72.03504119778573
POP_HISLAT,30.916959547235177,27.977444751087116,72.0225552489129
POP_HISLAT,31.026777172435324,27.990059917543896,72.0099400824561
POP_HISLAT,31.136594797635475,28.002804301584415,71.9971956984156
POP_HISLAT,31.246412422835622,28.015677903208452,71.98432209679156
POP_HISLAT,31.356230048035773,28.0286807224158,71.9713192775842
POP_HISLAT,31.46604767323592,28.041812759206252,71.95818724079375
POP_HISLAT,31.57586529843607,28.055074013579606,71.9449259864204
POP_HISLAT,31.685682923636218,28.06846448553562,71.93153551446437
POP_HISLAT,31.79550054883637,28.081984175074094,71.9180158249259
POP_HISLAT,31.905318174036516,28.095633082194798,71.9043669178052
POP_HISLAT,32.01513579923667,28.109411206897516,71.8905887931025
POP_HISLAT,32.12495342443681,28.12331854918202,71.876681450818
POP_HISLAT,32.23477104963696,28.137355109048073,71.86264489095193
POP_HISLAT,32.34458867483711,28.151520886495458,71.84847911350455
POP_HISLAT,32.45440630003726,28.16581588152393,71.83418411847606
POP_HISLAT,32.564223925237414,28.180240094133268,71.81975990586673
POP_HISLAT,32.674041550437565,28.19479352432322,71.80520647567678
POP_HISLAT,32.78385917563771,28.209476172093552,71.79052382790645
POP_HISLAT,32.89367680083786,28.224288037444023,71.77571196255596
POP_HISLAT,33.003494426038,28.239229120374382,71.76077087962562
POP_HISLAT,33.113312051238154,28.254299420884394,71.7457005791156
POP_HISLAT,33.223129676438305,28.26949893897379,71.7305010610262
POP_HISLAT,33.332947301638455,28.284827674642347,71.71517232535766
POP_HISLAT,33.442764926838606,28.30028562788978,71.69971437211022
POP_HISLAT,33.55258255203876,28.31587279871585,71.68412720128414
POP_HISLAT,33.66240017723891,28.331589187120297,71.6684108128797
POP_HISLAT,33.77221780243905,28.34743479310286,71.65256520689715
POP_HISLAT,33.8820354276392,28.36340961666326,71.63659038333674
POP_HISLAT,33.991853052839346,28.379513657801247,71.62048634219875
POP_HISLAT,34.1016706780395,28.39574691651655,71.60425308348344
POP_HISLAT,34.21148830323965,28.412109392808897,71.5878906071911
POP_HISLAT,34.3213059284398,28.42860108667801,71.57139891332199
POP_HISLAT,34.43112355363995,28.44522199812363,71.55477800187637
POP_HISLAT,34.5409411788401,28.46197212714545,71.53802787285456
POP_HISLAT,34.650758804040244,28.478851473743216,71.5211485262568
POP_HISLAT,34.760576429240395,28.495860037916625,71.50413996208339
POP_HISLAT,34.87039405444054,28.512997819665404,71.48700218033458
POP_HISLAT,34.98021167964069,28.53026481898927,71.46973518101073
POP_HISLAT,35.09002930484084,28.547661035887923,71.45233896411207
POP_HISLAT,35.19984693004099,28.565186470361077,71.43481352963892
POP_HISLAT,35.30966455524114,28.582841122408432,71.41715887759158
POP_HISLAT,35.41948218044129,28.600624992029694,71.3993750079703
POP_HISLAT,35.529299805641436,28.61853807922456,71.38146192077545
POP_HISLAT,35.63911743084159,28.636580383992726,71.36341961600728
POP_HISLAT,35.74893505604173,28.654751906333903,71.3452480936661
POP_HISLAT,35.85875268124188,28.673052646247772,71.32694735375222
POP_HISLAT,35.96857030644203,28.69148260373402,71.30851739626597
POP_HISLAT,36.07838793164218,28.710041778792355,71.28995822120766
POP_HISLAT,36.188205556842334,28.72873017142244,71.27126982857756
POP_HISLAT,36.298023182042485,28.74754778162397,71.25245221837602
POP_HISLAT,36.40784080724263,28.76649460939663,71.23350539060337
POP_HISLAT,36.51765843244278,28.785570654740095,71.2144293452599
POP_HISLAT,36.62747605764292,28.80477591765404,71.19522408234596
POP_HISLAT,36.737293682843074,28.824110398138135,71.17588960186185
POP_HISLAT,36.847111308043225,28.84357409619207,71.15642590380793
POP_HISLAT,36.956928933243375,28.8631670118155,71.13683298818451
POP_HISLAT,37.066746558443526,28.88288914500809,71.1171108549919
POP_HISLAT,37.17656418364367,28.902740495769514,71.09725950423048
POP_HISLAT,37.28638180884382,28.922721064099434,71.07727893590058
POP_HISLAT,37.39619943404397,28.942830849997502,71.05716915000248
POP_HISLAT,37.50601705924412,28.963069853463384,71.03693014653662
POP_HISLAT,37.615834684444266,28.983438074496732,71.01656192550327
POP_HISLAT,37.72565230964442,29.0039355130972,70.9960644869028
POP_HISLAT,37.83546993484457,29.02456216926444,70.97543783073556
POP_HISLAT,37.94528756004472,29.04531804299809,70.95468195700191
POP_HISLAT,38.05510518524486,29.06620313429781,70.93379686570218
POP_HISLAT,38.16492281044501,29.087217443163244,70.91278255683675
POP_HISLAT,38.274740435645164,29.108360969594028,70.89163903040598
POP_HISLAT,38.384558060845315,29.129633713589786,70.8703662864102
POP_HISLAT,38.49437568604546,29.151035675150176,70.84896432484983
POP_HISLAT,38.60419331124561,29.172566854274823,70.82743314572517
POP_HISLAT,38.71401093644576,29.194227250963365,70.80577274903663
POP_HISLAT,38.82382856164591,29.216016865215426,70.78398313478456
POP_HISLAT,38.933646186846055,29.237935697030633,70.76206430296936
POP_HISLAT,39.043463812046205,29.259983746408608,70.74001625359139
POP_HISLAT,39.153281437246356,29.28216101334898,70.71783898665103
POP_HISLAT,39.26309906244651,29.304467497851363,70.69553250214864
POP_HISLAT,39.37291668764665,29.326903199915368,70.67309680008462
POP_HISLAT,39.4827343128468,29.349468119540635,70.65053188045938
POP_HISLAT,39.59255193804695,29.372162256726746,70.62783774327326
POP_HISLAT,39.7023695632471,29.394985611473334,70.60501438852668
POP_HISLAT,39.81218718844725,29.41793818377999,70.58206181622
POP_HISLAT,39.9220048136474,29.44101997364633,70.55898002635365
POP_HISLAT,40.03182243884755,29.464230981071964,70.53576901892804
POP_HISLAT,40.1416400640477,29.487571206056483,70.51242879394351
POP_HISLAT,40.25145768924784,29.511040648599472,70.48895935140052
POP_HISLAT,40.361275314447994,29.534639308700562,70.46536069129944
POP_HISLAT,40.471092939648145,29.558367186359312,70.44163281364068
POP_HISLAT,40.580910564848296,29.582224281575332,70.41777571842466
POP_HISLAT,40.69072819004844,29.60621059434821,70.3937894056518
POP_HISLAT,40.80054581524859,29.63032612467752,70.36967387532248
POP_HISLAT,40.91036344044874,29.654570872562864,70.34542912743714
POP_HISLAT,41.02018106564889,29.6789448380038,70.3210551619962
POP_HISLAT,41.129998690849035,29.703448020999936,70.29655197900007
POP_HISLAT,41.239816316049186,29.728080421550835,70.27191957844917
POP_HISLAT,41.34963394124934,29.75284203965607,70.24715796034394
POP_HISLAT,41.45945156644949,29.77773287531521,70.22226712468478
POP_HISLAT,41.56926919164963,29.802752928527838,70.19724707147216
POP_HISLAT,41.67908681684978,29.827902199293504,70.1720978007065
POP_HISLAT,41.78890444204993,29.853180687611786,70.1468193123882
POP_HISLAT,41.898722067250084,29.878588393482257,70.12141160651775
POP_HISLAT,42.00853969245023,29.90412531690445,70.09587468309554
POP_HISLAT,42.11835731765038,29.929791457877947,70.07020854212206
POP_HISLAT,42.22817494285053,29.955586816402292,70.04441318359771
POP_HISLAT,42.33799256805068,29.981511392477028,70.01848860752297
POP_HISLAT,42.447810193250824,30.007565186101733,69.99243481389827
POP_HISLAT,42.557627818450975,30.033748197275933,69.96625180272406
POP_HISLAT,42.667445443651125,30.060060425999186,69.93993957400082
POP_HISLAT,42.777263068851276,30.086501872271025,69.91349812772897
POP_HISLAT,42.88708069405142,30.113072536090996,69.886927463909
POP_HISLAT,42.99689831925157,30.13977241745866,69.86022758254134
POP_HISLAT,43.10671594445172,30.16660151637352,69.83339848362648
POP_HISLAT,43.21653356965187,30.193559832835113,69.80644016716488
POP_HISLAT,43.326351194852016,30.220647366842996,69.779352633157
POP_HISLAT,43.43616882005217,30.247864118396688,69.75213588160332
POP_HISLAT,43.54598644525232,30.2752100874957,69.72478991250429
POP_HISLAT,43.65580407045247,30.30268527413958,69.69731472586041
POP_HISLAT,43.76562169565261,30.330289678327837,69.66971032167216
POP_HISLAT,43.87543932085276,30.35802330005999,69.64197669994002
POP_HISLAT,43.985256946052914,30.385886139335565,69.61411386066445
POP_HISLAT,44.095074571253065,30.41387819615407,69.58612180384593
POP_HISLAT,44.20489219645321,30.441999470515025,69.55800052948497
POP_HISLAT,44.31470982165336,30.470249962417927,69.52975003758208
POP_HISLAT,44.42452744685351,30.498629671862304,69.5013703281377
POP_HISLAT,44.53434507205366,30.527138598847642,69.47286140115236
POP_HISLAT,44.644162697253805,30.555776743373457,69.44422325662654
POP_HISLAT,44.753980322453955,30.584544105439253,69.41545589456075
POP_HISLAT,44.863797947654106,30.613440685044512,69.38655931495549
POP_HISLAT,44.97361557285426,30.642466482188752,69.35753351781125
POP_HISLAT,45.0834331980544,30.671621496871442,69.32837850312855
POP_HISLAT,45.19325082325455,30.700905729092103,69.29909427090789
POP_HISLAT,45.3030684484547,30.730319178850195,69.2696808211498
POP_HISLAT,45.41288607365485,30.75986184614523,69.24013815385479
POP_HISLAT,45.522703698855,30.789533730976665,69.21046626902333
POP_HISLAT,45.63252132405515,30.819334833344016,69.180665166656
POP_HISLAT,45.7423389492553,30.849265153246723,69.15073484675327
POP_HISLAT,45.85215657445545,30.8793246906843,69.12067530931569
POP_HISLAT,45.96197419965559,30.909513445656202,69.0904865543438
POP_HISLAT,46.071791824855744,30.939831418161905,69.0601685818381
POP_HISLAT,46.181609450055895,30.97027860820088,69.02972139179911
POP_HISLAT,46.291427075256045,31.0008550157726,68.9991449842274
POP_HISLAT,46.40124470045619,31.031560640876517,68.96843935912348
POP_HISLAT,46.51106232565634,31.062395483512105,68.9376045164879
POP_HISLAT,46.62087995085649,31.093359543678822,68.90664045632118
POP_HISLAT,46.73069757605664,31.12445282137613,68.87554717862388
POP_HISLAT,46.840515201256785,31.155675316603475,68.84432468339654
POP_HISLAT,46.950332826456936,31.187027029360316,68.81297297063968
POP_HISLAT,47.06015045165709,31.218507959646114,68.78149204035388
POP_HISLAT,47.16996807685724,31.250118107460302,68.7498818925397
POP_HISLAT,47.27978570205739,31.281857472802336,68.71814252719767
POP_HISLAT,47.38960332725753,31.313726055671648,68.68627394432835
POP_HISLAT,47.49942095245768,31.345723856067693,68.65427614393231
POP_HISLAT,47.609238577657834,31.377850873989903,68.62214912601009
POP_HISLAT,47.719056202857985,31.410107109437725,68.58989289056227
POP_HISLAT,47.82887382805813,31.442492562410585,68.55750743758942
POP_HISLAT,47.93869145325828,31.475007232907913,68.52499276709209
POP_HISLAT,48.04850907845843,31.507651120929147,68.49234887907085
POP_HISLAT,48.15832670365858,31.540424226473707,68.45957577352631
POP_HISLAT,48.268144328858725,31.573326549541015,68.42667345045899
POP_HISLAT,48.377961954058875,31.606358090130506,68.3936419098695
POP_HISLAT,48.487779579259026,31.639518848241593,68.3604811517584
POP_HISLAT,48.59759720445918,31.672808823873687,68.3271911761263
POP_HISLAT,48.70741482965932,31.706228017026216,68.29377198297378
POP_HISLAT,48.81723245485947,31.73977642769859,68.26022357230141
POP_HISLAT,48.92705008005962,31.773454055890216,68.22654594410977
POP_HISLAT,49.03686770525977,31.807260901600497,68.1927390983995
POP_HISLAT,49.14668533045992,31.84119696482886,68.15880303517115
POP_HISLAT,49.25650295566007,31.87526224557469,68.12473775442531
POP_HISLAT,49.36632058086022,31.90945674383739,68.09054325616262
POP_HISLAT,49.47613820606037,31.943780459616356,68.05621954038365
POP_HISLAT,49.58595583126051,31.978233392910997,68.021766607089
POP_HISLAT,49.695773456460664,32.0128155437207,67.98718445627931
POP_HISLAT,49.805591081660815,32.04752691204486,67.95247308795514
POP_HISLAT,49.915408706860966,32.08236749788286,67.91763250211713
POP_HISLAT,50.02522633206111,32.1173373012341,67.8826626987659
POP_HISLAT,50.13504395726126,32.15243632209794,67.84756367790207
POP_HISLAT,50.24486158246141,32.18766456047379,67.81233543952622
POP_HISLAT,50.35467920766156,32.22302201636101,67.77697798363899
POP_HISLAT,50.464496832861705,32.25850868975898,67.741491310241
POP_HISLAT,50.574314458061856,32.29412458066709,67.70587541933291
POP_HISLAT,50.68413208326201,32.3298696890847,67.67013031091528
POP_HISLAT,50.79394970846216,32.365744015011195,67.63425598498881
POP_HISLAT,50.9037673336623,32.40174755844591,67.5982524415541
POP_HISLAT,51.01358495886245,32.43788031938825,67.56211968061176
POP_HISLAT,51.1234025840626,32.47414229783755,67.52585770216245
POP_HISLAT,51.233220209262754,32.51053349379318,67.48946650620682
POP_HISLAT,51.3430378344629,32.547053907254494,67.45294609274549
POP_HISLAT,51.45285545966305,32.583703538220874,67.41629646177914
POP_HISLAT,51.5626730848632,32.62048238669165,67.37951761330837
POP_HISLAT,51.67249071006335,32.65739045266616,67.34260954733384
POP_HISLAT,51.782308335263494,32.694427736143766,67.30557226385623
POP_HISLAT,51.892125960463645,32.73159423712384,67.26840576287616
POP_HISLAT,52.001943585663795,32.768889955605694,67.2311100443943
POP_HISLAT,52.111761210863946,32.806314891588684,67.19368510841132
POP_HISLAT,52.22157883606409,32.84386904507214,67.15613095492785
POP_HISLAT,52.33139646126424,32.881552416055406,67.11844758394459
POP_HISLAT,52.44121408646439,32.91936500453782,67.08063499546219
POP_HISLAT,52.55103171166454,32.957306810518716,67.04269318948128
POP_HISLAT,52.660849336864686,32.99537783399741,67.00462216600259
POP_HISLAT,52.77066696206484,33.033578074973235,66.96642192502676
POP_HISLAT,52.88048458726499,33.07190753344553,66.92809246655447
POP_HISLAT,52.99030221246514,33.1103662094136,66.8896337905864
POP_HISLAT,53.10011983766528,33.14895410287677,66.85104589712323
POP_HISLAT,53.20993746286543,33.18767121383436,66.81232878616564
POP_HISLAT,53.319755088065584,33.22651754228569,66.77348245771431
POP_HISLAT,53.429572713265735,33.26549308823007,66.73450691176993
POP_HISLAT,53.53939033846588,33.30459785166681,66.69540214833319
POP_HISLAT,53.64920796366603,33.34383183259522,66.65616816740477
POP_HISLAT,53.75902558886618,33.38319503101461,66.61680496898539
POP_HISLAT,53.86884321406633,33.42268744692427,66.57731255307571
POP_HISLAT,53.978660839266475,33.462309080323514,66.53769091967648
POP_HISLAT,54.088478464466625,33.50205993121165,66.49794006878835
POP_HISLAT,54.198296089666776,33.54193999958795,66.45806000041206
POP_HISLAT,54.30811371486693,33.58194928545172,66.41805071454829
POP_HISLAT,54.41793134006707,33.62208778880226,66.37791221119774
POP_HISLAT,54.52774896526722,33.66235550963885,66.33764449036114
POP_HISLAT,54.63756659046737,33.702752447960776,66.29724755203922
POP_HISLAT,54.74738421566752,33.74327860376733,66.25672139623266
POP_HISLAT,54.85720184086767,33.7839339770578,66.2160660229422
POP_HISLAT,54.96701946606782,33.82471856783144,66.17528143216856
POP_HISLAT,55.07683709126797,33.86563237608756,66.13436762391244
POP_HISLAT,55.18665471646812,33.90667540182542,66.09332459817459
POP_HISLAT,55.29647234166826,33.947847645044284,66.05215235495572
POP_HISLAT,55.406289966868414,33.98914910574344,66.01085089425655
POP_HISLAT,55.516107592068565,34.03057978392214,65.96942021607785
POP_HISLAT,55.625925217268716,34.072139679579664,65.92786032042032
POP_HISLAT,55.73574284246886,34.113828792715275,65.88617120728473
POP_HISLAT,55.84556046766901,34.15564712332822,65.84435287667179
POP_HISLAT,55.95537809286916,34.19759467141776,65.80240532858222
POP_HISLAT,56.06519571806931,34.23967143698318,65.76032856301683
POP_HISLAT,56.175013343269455,34.2818774200237,65.71812257997631
POP_HISLAT,56.284830968469606,34.32421262053858,65.67578737946143
POP_HISLAT,56.39464859366976,34.36667703852707,65.63332296147291
POP_HISLAT,56.50446621886991,34.40927067398844,65.59072932601157
POP_HISLAT,56.61428384407005,34.45199352692189,65.5480064730781
POP_HISLAT,56.7241014692702,34.494845597326695,65.5051544026733
POP_HISLAT,56.83391909447035,34.53782688520209,65.46217311479792
POP_HISLAT,56.943736719670504,34.580937390547305,65.4190626094527
POP_HISLAT,57.05355434487065,34.62417711336157,65.37582288663842
POP_HISLAT,57.1633719700708,34.66754605364414,65.33245394635586
POP_HISLAT,57.27318959527095,34.711044211394224,65.28895578860578
POP_HISLAT,57.3830072204711,34.75467158661105,65.24532841338893
POP_HISLAT,57.492824845671244,34.798428179293865,65.20157182070614
POP_HISLAT,57.602642470871395,34.84231398944187,65.15768601055812
POP_HISLAT,57.712460096071545,34.886329017054294,65.1136709829457
POP_HISLAT,57.822277721271696,34.93047326213035,65.06952673786964
POP_HISLAT,57.93209534647184,34.974746724669274,65.02525327533073
POP_HISLAT,58.04191297167199,35.01914940467025,64.98085059532976
POP_HISLAT,58.15173059687214,35.0636813021325,64.9363186978675
POP_HISLAT,58.26154822207229,35.10834241705524,64.89165758294475
POP_HISLAT,58.371365847272436,35.15313274943768,64.84686725056233
POP_HISLAT,58.48118347247259,35.19805229927901,64.80194770072099
POP_HISLAT,58.59100109767274,35.24310106657844,64.75689893342155
POP_HISLAT,58.70081872287289,35.288279051335174,64.71172094866483
POP_HISLAT,58.81063634807303,35.3335862535484,64.6664137464516
POP_HISLAT,58.92045397327318,35.379022673217314,64.6209773267827
POP_HISLAT,59.030271598473334,35.42458831034111,64.5754116896589
POP_HISLAT,59.140089223673485,35.47028316491897,64.52971683508103
POP_HISLAT,59.24990684887363,35.51610723695009,64.4838927630499
POP_HISLAT,59.35972447407378,35.56206052643366,64.43793947356635
POP_HISLAT,59.46954209927393,35.60814303336886,64.39185696663114
POP_HISLAT,59.57935972447408,35.65435475775486,64.34564524224515
POP_HISLAT,59.689177349674225,35.70069569959084,64.29930430040915
POP_HISLAT,59.798994974874375,35.747165858875995,64.252834141124
